start_time,end_time,timespan,kind_of_data,range_of_data,attribute,all_data,training_data,test_data,accuracy,confusion_matrix,score_report
2021-10-10 14:59:59.899405,2021-10-10 14:59:59.935405,1d,"neg_count, neu_count, pos_count + end_price, trend",1,5,211,180,31,0.3870967741935484,"[[2 3 2]
 [3 4 6]
 [1 4 6]]","{'neg': {'precision': 0.3333333333333333, 'recall': 0.2857142857142857, 'f1-score': 0.30769230769230765, 'support': 7}, 'neu': {'precision': 0.36363636363636365, 'recall': 0.3076923076923077, 'f1-score': 0.33333333333333337, 'support': 13}, 'pos': {'precision': 0.42857142857142855, 'recall': 0.5454545454545454, 'f1-score': 0.4799999999999999, 'support': 11}, 'accuracy': 0.3870967741935484, 'macro avg': {'precision': 0.3751803751803752, 'recall': 0.37962037962037964, 'f1-score': 0.37367521367521367, 'support': 31}, 'weighted avg': {'precision': 0.37983521854489594, 'recall': 0.3870967741935484, 'f1-score': 0.37958643507030604, 'support': 31}}"
2021-10-10 14:59:59.968068,2021-10-10 15:00:00.019723,12h,"neg_count, neu_count, pos_count + end_price, trend",1,5,423,362,61,0.3442622950819672,"[[ 4  4  8]
 [ 7  8 15]
 [ 2  4  9]]","{'neg': {'precision': 0.3076923076923077, 'recall': 0.25, 'f1-score': 0.27586206896551724, 'support': 16}, 'neu': {'precision': 0.5, 'recall': 0.26666666666666666, 'f1-score': 0.3478260869565218, 'support': 30}, 'pos': {'precision': 0.28125, 'recall': 0.6, 'f1-score': 0.3829787234042553, 'support': 15}, 'accuracy': 0.3442622950819672, 'macro avg': {'precision': 0.3629807692307692, 'recall': 0.37222222222222223, 'f1-score': 0.3355556264420982, 'support': 61}, 'weighted avg': {'precision': 0.3957676544766709, 'recall': 0.3442622950819672, 'f1-score': 0.3375943698886518, 'support': 61}}"
2021-10-10 15:00:00.050416,2021-10-10 15:00:00.234283,4h,"neg_count, neu_count, pos_count + end_price, trend",1,5,1271,1089,182,0.3516483516483517,"[[ 9 14 17]
 [23 25 48]
 [ 8  8 30]]","{'neg': {'precision': 0.225, 'recall': 0.225, 'f1-score': 0.225, 'support': 40}, 'neu': {'precision': 0.5319148936170213, 'recall': 0.2604166666666667, 'f1-score': 0.34965034965034963, 'support': 96}, 'pos': {'precision': 0.3157894736842105, 'recall': 0.6521739130434783, 'f1-score': 0.425531914893617, 'support': 46}, 'accuracy': 0.3516483516483517, 'macro avg': {'precision': 0.3575681224337439, 'recall': 0.3791968599033817, 'f1-score': 0.3333940881813222, 'support': 182}, 'weighted avg': {'precision': 0.4098359647071853, 'recall': 0.3516483516483517, 'f1-score': 0.3414335255579118, 'support': 182}}"
2021-10-10 15:00:00.442087,2021-10-10 15:00:03.143156,1h,"neg_count, neu_count, pos_count + end_price, trend",1,5,5080,4354,726,0.3168044077134986,"[[ 58  42  63]
 [136  95 135]
 [ 72  48  77]]","{'neg': {'precision': 0.21804511278195488, 'recall': 0.3558282208588957, 'f1-score': 0.2703962703962704, 'support': 163}, 'neu': {'precision': 0.5135135135135135, 'recall': 0.25956284153005466, 'f1-score': 0.3448275862068966, 'support': 366}, 'pos': {'precision': 0.28, 'recall': 0.39086294416243655, 'f1-score': 0.326271186440678, 'support': 197}, 'accuracy': 0.3168044077134986, 'macro avg': {'precision': 0.3371862087651561, 'recall': 0.33541800218379564, 'f1-score': 0.31383168101461495, 'support': 726}, 'weighted avg': {'precision': 0.38381170706529555, 'recall': 0.3168044077134986, 'f1-score': 0.3230811464946691, 'support': 726}}"
2021-10-10 15:00:03.174419,2021-10-10 15:00:13.520121,30m,"neg_count, neu_count, pos_count + end_price, trend",1,5,10157,8706,1451,0.3232253618194349,"[[ 34  73 237]
 [ 64 166 506]
 [ 40  62 269]]","{'neg': {'precision': 0.2463768115942029, 'recall': 0.09883720930232558, 'f1-score': 0.14107883817427386, 'support': 344}, 'neu': {'precision': 0.5514950166112956, 'recall': 0.22554347826086957, 'f1-score': 0.32015429122468664, 'support': 736}, 'pos': {'precision': 0.2658102766798419, 'recall': 0.7250673854447439, 'f1-score': 0.38900939985538685, 'support': 371}, 'accuracy': 0.3232253618194349, 'macro avg': {'precision': 0.35456070162844683, 'recall': 0.34981602433597975, 'f1-score': 0.2834141764181158, 'support': 1451}, 'weighted avg': {'precision': 0.4061127278170508, 'recall': 0.3232253618194349, 'f1-score': 0.2953047319225831, 'support': 1451}}"
2021-10-10 15:00:13.567009,2021-10-10 15:00:53.498420,15m,"neg_count, neu_count, pos_count + end_price, trend",1,5,20312,17410,2902,0.2856650585802894,"[[370 156 185]
 [828 276 334]
 [446 124 183]]","{'neg': {'precision': 0.22506082725060828, 'recall': 0.5203938115330521, 'f1-score': 0.3142250530785563, 'support': 711}, 'neu': {'precision': 0.49640287769784175, 'recall': 0.19193324061196107, 'f1-score': 0.2768304914744233, 'support': 1438}, 'pos': {'precision': 0.2606837606837607, 'recall': 0.24302788844621515, 'f1-score': 0.2515463917525773, 'support': 753}, 'accuracy': 0.28566505858028945, 'macro avg': {'precision': 0.3273824885440702, 'recall': 0.3184516468637428, 'f1-score': 0.2808673121018523, 'support': 2902}, 'weighted avg': {'precision': 0.36875963407979, 'recall': 0.28566505858028945, 'f1-score': 0.2794316652201119, 'support': 2902}}"
2021-10-10 15:00:53.552738,2021-10-10 15:06:37.610993,5m,"neg_count, neu_count, pos_count + end_price, trend",1,5,60936,52230,8706,0.3264415345738571,"[[ 943  566  714]
 [1898 1036 1287]
 [ 933  466  863]]","{'neg': {'precision': 0.24986751457339693, 'recall': 0.42420152946468737, 'f1-score': 0.3144905786226446, 'support': 2223}, 'neu': {'precision': 0.5009671179883946, 'recall': 0.24543946932006633, 'f1-score': 0.3294641437430434, 'support': 4221}, 'pos': {'precision': 0.3013268156424581, 'recall': 0.38152077807250223, 'f1-score': 0.3367147873585642, 'support': 2262}, 'accuracy': 0.3264415345738571, 'macro avg': {'precision': 0.35072048273474987, 'recall': 0.3503872589524186, 'f1-score': 0.32688983657475074, 'support': 8706}, 'weighted avg': {'precision': 0.38498035227531757, 'recall': 0.3264415345738571, 'f1-score': 0.32752464461550623, 'support': 8706}}"
2021-10-10 15:06:37.673503,2021-10-10 15:06:37.704747,1d,"neg_count, neu_count, pos_count + end_price, trend",2,10,210,180,30,0.3,"[[ 1  0  6]
 [ 2  0 10]
 [ 0  3  8]]","{'neg': {'precision': 0.3333333333333333, 'recall': 0.14285714285714285, 'f1-score': 0.2, 'support': 7}, 'neu': {'precision': 0.0, 'recall': 0.0, 'f1-score': 0.0, 'support': 12}, 'pos': {'precision': 0.3333333333333333, 'recall': 0.7272727272727273, 'f1-score': 0.4571428571428572, 'support': 11}, 'accuracy': 0.3, 'macro avg': {'precision': 0.2222222222222222, 'recall': 0.29004329004329005, 'f1-score': 0.21904761904761907, 'support': 30}, 'weighted avg': {'precision': 0.2, 'recall': 0.3, 'f1-score': 0.21428571428571433, 'support': 30}}"
2021-10-10 15:06:37.751626,2021-10-10 15:06:37.782872,12h,"neg_count, neu_count, pos_count + end_price, trend",2,10,422,361,61,0.4262295081967213,"[[ 9  1  6]
 [ 3  4 23]
 [ 1  1 13]]","{'neg': {'precision': 0.6923076923076923, 'recall': 0.5625, 'f1-score': 0.6206896551724138, 'support': 16}, 'neu': {'precision': 0.6666666666666666, 'recall': 0.13333333333333333, 'f1-score': 0.2222222222222222, 'support': 30}, 'pos': {'precision': 0.30952380952380953, 'recall': 0.8666666666666667, 'f1-score': 0.45614035087719296, 'support': 15}, 'accuracy': 0.4262295081967213, 'macro avg': {'precision': 0.5561660561660562, 'recall': 0.5208333333333334, 'f1-score': 0.433017409423943, 'support': 61}, 'weighted avg': {'precision': 0.5855701675373807, 'recall': 0.4262295081967213, 'f1-score': 0.38425912151775704, 'support': 61}}"
2021-10-10 15:06:37.841029,2021-10-10 15:06:38.007969,4h,"neg_count, neu_count, pos_count + end_price, trend",2,10,1270,1088,182,0.5274725274725275,"[[32  2  6]
 [46 20 30]
 [ 0  2 44]]","{'neg': {'precision': 0.41025641025641024, 'recall': 0.8, 'f1-score': 0.5423728813559321, 'support': 40}, 'neu': {'precision': 0.8333333333333334, 'recall': 0.20833333333333334, 'f1-score': 0.33333333333333337, 'support': 96}, 'pos': {'precision': 0.55, 'recall': 0.9565217391304348, 'f1-score': 0.6984126984126985, 'support': 46}, 'accuracy': 0.5274725274725275, 'macro avg': {'precision': 0.5978632478632478, 'recall': 0.654951690821256, 'f1-score': 0.5247063043673214, 'support': 182}, 'weighted avg': {'precision': 0.6687376725838264, 'recall': 0.5274725274725275, 'f1-score': 0.47154889769901875, 'support': 182}}"
2021-10-10 15:06:38.041645,2021-10-10 15:06:40.417255,1h,"neg_count, neu_count, pos_count + end_price, trend",2,10,5075,4350,725,0.4855172413793103,"[[154   0   9]
 [156   5 205]
 [  1   2 193]]","{'neg': {'precision': 0.49517684887459806, 'recall': 0.9447852760736196, 'f1-score': 0.6497890295358649, 'support': 163}, 'neu': {'precision': 0.7142857142857143, 'recall': 0.01366120218579235, 'f1-score': 0.02680965147453083, 'support': 366}, 'pos': {'precision': 0.4742014742014742, 'recall': 0.9846938775510204, 'f1-score': 0.6401326699834161, 'support': 196}, 'accuracy': 0.48551724137931035, 'macro avg': {'precision': 0.5612213457872622, 'recall': 0.6477134519368107, 'f1-score': 0.43891045033127063, 'support': 725}, 'weighted avg': {'precision': 0.6001184644670619, 'recall': 0.48551724137931035, 'f1-score': 0.3326813069941708, 'support': 725}}"
2021-10-10 15:06:40.448515,2021-10-10 15:06:50.422333,30m,"neg_count, neu_count, pos_count + end_price, trend",2,10,10152,8701,1451,0.4975878704341833,"[[329   0  15]
 [340  27 369]
 [  4   1 366]]","{'neg': {'precision': 0.4888558692421991, 'recall': 0.9563953488372093, 'f1-score': 0.6470009832841691, 'support': 344}, 'neu': {'precision': 0.9642857142857143, 'recall': 0.036684782608695655, 'f1-score': 0.07068062827225131, 'support': 736}, 'pos': {'precision': 0.488, 'recall': 0.9865229110512129, 'f1-score': 0.6529884032114183, 'support': 371}, 'accuracy': 0.49758787043418334, 'macro avg': {'precision': 0.6470471945093045, 'recall': 0.6598676808323726, 'f1-score': 0.45689000492261284, 'support': 1451}, 'weighted avg': {'precision': 0.7297923533656804, 'recall': 0.49758787043418334, 'f1-score': 0.35620122553381617, 'support': 1451}}"
2021-10-10 15:06:50.460091,2021-10-10 15:07:27.720986,15m,"neg_count, neu_count, pos_count + end_price, trend",2,10,20307,17406,2901,0.4963805584281282,"[[672   0  39]
 [618  30 789]
 [ 12   3 738]]","{'neg': {'precision': 0.5161290322580645, 'recall': 0.9451476793248945, 'f1-score': 0.6676602086438153, 'support': 711}, 'neu': {'precision': 0.9090909090909091, 'recall': 0.020876826722338204, 'f1-score': 0.04081632653061225, 'support': 1437}, 'pos': {'precision': 0.47126436781609193, 'recall': 0.9800796812749004, 'f1-score': 0.6364812419146183, 'support': 753}, 'accuracy': 0.4963805584281282, 'macro avg': {'precision': 0.6321614363883552, 'recall': 0.6487013957740444, 'f1-score': 0.448319259029682, 'support': 2901}, 'weighted avg': {'precision': 0.6991359694121466, 'recall': 0.4963805584281282, 'f1-score': 0.3490623387562737, 'support': 2901}}"
2021-10-10 15:07:27.767870,2021-10-10 15:13:35.512678,5m,"neg_count, neu_count, pos_count + end_price, trend",2,10,60931,52226,8705,0.5148765077541643,"[[2204    1   18]
 [1992   23 2205]
 [   6    1 2255]]","{'neg': {'precision': 0.5245121370775822, 'recall': 0.9914529914529915, 'f1-score': 0.6860700389105058, 'support': 2223}, 'neu': {'precision': 0.92, 'recall': 0.0054502369668246444, 'f1-score': 0.01083627797408716, 'support': 4220}, 'pos': {'precision': 0.5035730236712819, 'recall': 0.9969053934571176, 'f1-score': 0.6691394658753709, 'support': 2262}, 'accuracy': 0.5148765077541643, 'macro avg': {'precision': 0.6493617202496214, 'recall': 0.6646028739589779, 'f1-score': 0.45534859425332125, 'support': 8705}, 'weighted avg': {'precision': 0.7107952510359454, 'recall': 0.5148765077541643, 'f1-score': 0.3543315636253637, 'support': 8705}}"
2021-10-10 15:13:35.585326,2021-10-10 15:13:35.602357,1d,"neg_count, neu_count, pos_count + end_price, trend",3,15,209,179,30,0.3333333333333333,"[[1 3 3]
 [1 2 9]
 [0 4 7]]","{'neg': {'precision': 0.5, 'recall': 0.14285714285714285, 'f1-score': 0.22222222222222224, 'support': 7}, 'neu': {'precision': 0.2222222222222222, 'recall': 0.16666666666666666, 'f1-score': 0.1904761904761905, 'support': 12}, 'pos': {'precision': 0.3684210526315789, 'recall': 0.6363636363636364, 'f1-score': 0.4666666666666667, 'support': 11}, 'accuracy': 0.3333333333333333, 'macro avg': {'precision': 0.36354775828460034, 'recall': 0.3152958152958153, 'f1-score': 0.2931216931216931, 'support': 30}, 'weighted avg': {'precision': 0.34064327485380114, 'recall': 0.3333333333333333, 'f1-score': 0.29915343915343917, 'support': 30}}"
2021-10-10 15:13:35.649240,2021-10-10 15:13:35.696108,12h,"neg_count, neu_count, pos_count + end_price, trend",3,15,421,360,61,0.2622950819672131,"[[ 4  0 12]
 [ 7  1 22]
 [ 2  2 11]]","{'neg': {'precision': 0.3076923076923077, 'recall': 0.25, 'f1-score': 0.27586206896551724, 'support': 16}, 'neu': {'precision': 0.3333333333333333, 'recall': 0.03333333333333333, 'f1-score': 0.0606060606060606, 'support': 30}, 'pos': {'precision': 0.24444444444444444, 'recall': 0.7333333333333333, 'f1-score': 0.36666666666666664, 'support': 15}, 'accuracy': 0.26229508196721313, 'macro avg': {'precision': 0.2951566951566951, 'recall': 0.33888888888888885, 'f1-score': 0.23437826541274817, 'support': 61}, 'weighted avg': {'precision': 0.30474989491382937, 'recall': 0.26229508196721313, 'f1-score': 0.1923274577316409, 'support': 61}}"
2021-10-10 15:13:35.743534,2021-10-10 15:13:35.928476,4h,"neg_count, neu_count, pos_count + end_price, trend",3,15,1269,1087,182,0.467032967032967,"[[31  2  7]
 [44 12 40]
 [ 3  1 42]]","{'neg': {'precision': 0.3974358974358974, 'recall': 0.775, 'f1-score': 0.5254237288135594, 'support': 40}, 'neu': {'precision': 0.8, 'recall': 0.125, 'f1-score': 0.21621621621621623, 'support': 96}, 'pos': {'precision': 0.47191011235955055, 'recall': 0.9130434782608695, 'f1-score': 0.6222222222222222, 'support': 46}, 'accuracy': 0.46703296703296704, 'macro avg': {'precision': 0.556448669931816, 'recall': 0.6043478260869565, 'f1-score': 0.4546207224173326, 'support': 182}, 'weighted avg': {'precision': 0.6286005553075562, 'recall': 0.46703296703296704, 'f1-score': 0.386790813909458, 'support': 182}}"
2021-10-10 15:13:35.968940,2021-10-10 15:13:38.518228,1h,"neg_count, neu_count, pos_count + end_price, trend",3,15,5070,4345,725,0.4786206896551724,"[[140   4  19]
 [147  14 205]
 [  1   2 193]]","{'neg': {'precision': 0.4861111111111111, 'recall': 0.8588957055214724, 'f1-score': 0.6208425720620843, 'support': 163}, 'neu': {'precision': 0.7, 'recall': 0.03825136612021858, 'f1-score': 0.07253886010362694, 'support': 366}, 'pos': {'precision': 0.4628297362110312, 'recall': 0.9846938775510204, 'f1-score': 0.6296900489396411, 'support': 196}, 'accuracy': 0.4786206896551724, 'macro avg': {'precision': 0.5496469491073808, 'recall': 0.6272803163975705, 'f1-score': 0.44102382703511744, 'support': 725}, 'weighted avg': {'precision': 0.5877941233220321, 'recall': 0.4786206896551724, 'f1-score': 0.3464356022568508, 'support': 725}}"
2021-10-10 15:13:38.563234,2021-10-10 15:13:49.295980,30m,"neg_count, neu_count, pos_count + end_price, trend",3,15,10147,8697,1450,0.4744827586206896,"[[295   2  47]
 [370  38 327]
 [ 12   4 355]]","{'neg': {'precision': 0.4357459379615953, 'recall': 0.8575581395348837, 'f1-score': 0.5778648383937316, 'support': 344}, 'neu': {'precision': 0.8636363636363636, 'recall': 0.05170068027210884, 'f1-score': 0.09756097560975609, 'support': 735}, 'pos': {'precision': 0.4869684499314129, 'recall': 0.9568733153638814, 'f1-score': 0.6454545454545455, 'support': 371}, 'accuracy': 0.47448275862068967, 'macro avg': {'precision': 0.5954502505097906, 'recall': 0.622044045056958, 'f1-score': 0.4402934531526777, 'support': 1450}, 'weighted avg': {'precision': 0.6657480171421174, 'recall': 0.47448275862068967, 'f1-score': 0.351694108858104, 'support': 1450}}"
2021-10-10 15:13:49.358487,2021-10-10 15:14:30.065632,15m,"neg_count, neu_count, pos_count + end_price, trend",3,15,20302,17401,2901,0.4950017235436056,"[[659   1  51]
 [581  44 812]
 [ 15   5 733]]","{'neg': {'precision': 0.5250996015936255, 'recall': 0.9268635724331927, 'f1-score': 0.6703967446592065, 'support': 711}, 'neu': {'precision': 0.88, 'recall': 0.030619345859429367, 'f1-score': 0.05917955615332885, 'support': 1437}, 'pos': {'precision': 0.4592731829573935, 'recall': 0.9734395750332006, 'f1-score': 0.6240953597275436, 'support': 753}, 'accuracy': 0.49500172354360567, 'macro avg': {'precision': 0.6214575948503397, 'recall': 0.6436408311086076, 'f1-score': 0.45122388684669296, 'support': 2901}, 'weighted avg': {'precision': 0.6838119694932729, 'recall': 0.49500172354360567, 'f1-score': 0.3556142411305997, 'support': 2901}}"
2021-10-10 15:14:30.112501,2021-10-10 15:21:45.495624,5m,"neg_count, neu_count, pos_count + end_price, trend",3,15,60926,52222,8704,0.5128676470588235,"[[2161    2   60]
 [1966   85 2168]
 [  42    2 2218]]","{'neg': {'precision': 0.5183497241544734, 'recall': 0.9721097615834458, 'f1-score': 0.6761576971214017, 'support': 2223}, 'neu': {'precision': 0.9550561797752809, 'recall': 0.020146954254562692, 'f1-score': 0.03946146703806871, 'support': 4219}, 'pos': {'precision': 0.4988753936122357, 'recall': 0.9805481874447391, 'f1-score': 0.6612999403697079, 'support': 2262}, 'accuracy': 0.5128676470588235, 'macro avg': {'precision': 0.6574270991806633, 'recall': 0.6576016344275826, 'f1-score': 0.4589730348430594, 'support': 8704}, 'weighted avg': {'precision': 0.7249689337796624, 'recall': 0.5128676470588235, 'f1-score': 0.3636772696749503, 'support': 8704}}"
2021-10-10 15:21:45.558127,2021-10-10 15:21:45.589382,1d,"neg_count, neu_count, pos_count + end_price, trend",4,20,208,178,30,0.3,"[[1 1 5]
 [0 3 9]
 [0 6 5]]","{'neg': {'precision': 1.0, 'recall': 0.14285714285714285, 'f1-score': 0.25, 'support': 7}, 'neu': {'precision': 0.3, 'recall': 0.25, 'f1-score': 0.2727272727272727, 'support': 12}, 'pos': {'precision': 0.2631578947368421, 'recall': 0.45454545454545453, 'f1-score': 0.3333333333333333, 'support': 11}, 'accuracy': 0.3, 'macro avg': {'precision': 0.5210526315789473, 'recall': 0.2824675324675325, 'f1-score': 0.2853535353535353, 'support': 30}, 'weighted avg': {'precision': 0.44982456140350874, 'recall': 0.3, 'f1-score': 0.28964646464646465, 'support': 30}}"
2021-10-10 15:21:45.636261,2021-10-10 15:21:45.688031,12h,"neg_count, neu_count, pos_count + end_price, trend",4,20,420,360,60,0.25,"[[ 5  1  9]
 [ 6  1 23]
 [ 3  3  9]]","{'neg': {'precision': 0.35714285714285715, 'recall': 0.3333333333333333, 'f1-score': 0.3448275862068965, 'support': 15}, 'neu': {'precision': 0.2, 'recall': 0.03333333333333333, 'f1-score': 0.05714285714285715, 'support': 30}, 'pos': {'precision': 0.21951219512195122, 'recall': 0.6, 'f1-score': 0.32142857142857145, 'support': 15}, 'accuracy': 0.25, 'macro avg': {'precision': 0.2588850174216028, 'recall': 0.3222222222222222, 'f1-score': 0.24113300492610837, 'support': 60}, 'weighted avg': {'precision': 0.2441637630662021, 'recall': 0.25, 'f1-score': 0.19513546798029555, 'support': 60}}"
2021-10-10 15:21:45.729174,2021-10-10 15:21:45.929004,4h,"neg_count, neu_count, pos_count + end_price, trend",4,20,1268,1086,182,0.456043956043956,"[[30  1  9]
 [38 14 44]
 [ 6  1 39]]","{'neg': {'precision': 0.40540540540540543, 'recall': 0.75, 'f1-score': 0.5263157894736842, 'support': 40}, 'neu': {'precision': 0.875, 'recall': 0.14583333333333334, 'f1-score': 0.25000000000000006, 'support': 96}, 'pos': {'precision': 0.42391304347826086, 'recall': 0.8478260869565217, 'f1-score': 0.5652173913043478, 'support': 46}, 'accuracy': 0.45604395604395603, 'macro avg': {'precision': 0.5681061496278889, 'recall': 0.581219806763285, 'f1-score': 0.4471777269260107, 'support': 182}, 'weighted avg': {'precision': 0.6577814077814078, 'recall': 0.45604395604395603, 'f1-score': 0.39039907460960094, 'support': 182}}"
2021-10-10 15:21:45.960260,2021-10-10 15:21:48.594748,1h,"neg_count, neu_count, pos_count + end_price, trend",4,20,5065,4341,724,0.473756906077348,"[[132   7  23]
 [151  33 182]
 [  9   9 178]]","{'neg': {'precision': 0.4520547945205479, 'recall': 0.8148148148148148, 'f1-score': 0.5814977973568283, 'support': 162}, 'neu': {'precision': 0.673469387755102, 'recall': 0.09016393442622951, 'f1-score': 0.15903614457831325, 'support': 366}, 'pos': {'precision': 0.46475195822454307, 'recall': 0.9081632653061225, 'f1-score': 0.614853195164076, 'support': 196}, 'accuracy': 0.47375690607734805, 'macro avg': {'precision': 0.5300920468333977, 'recall': 0.6043806715157222, 'f1-score': 0.45179571236640587, 'support': 724}, 'weighted avg': {'precision': 0.5674227298932412, 'recall': 0.47375690607734805, 'f1-score': 0.37696284301053556, 'support': 724}}"
2021-10-10 15:21:48.647738,2021-10-10 15:21:59.754655,30m,"neg_count, neu_count, pos_count + end_price, trend",4,20,10142,8693,1449,0.4610075914423741,"[[278   7  58]
 [360  50 325]
 [ 28   3 340]]","{'neg': {'precision': 0.4174174174174174, 'recall': 0.8104956268221575, 'f1-score': 0.5510406342913775, 'support': 343}, 'neu': {'precision': 0.8333333333333334, 'recall': 0.06802721088435375, 'f1-score': 0.1257861635220126, 'support': 735}, 'pos': {'precision': 0.4702627939142462, 'recall': 0.9164420485175202, 'f1-score': 0.6215722120658135, 'support': 371}, 'accuracy': 0.4610075914423741, 'macro avg': {'precision': 0.573671181554999, 'recall': 0.5983216287413438, 'f1-score': 0.4327996699597345, 'support': 1449}, 'weighted avg': {'precision': 0.6419197175406208, 'recall': 0.4610075914423741, 'f1-score': 0.3533906545390191, 'support': 1449}}"
2021-10-10 15:21:59.800968,2021-10-10 15:22:40.873692,15m,"neg_count, neu_count, pos_count + end_price, trend",4,20,20297,17397,2900,0.4879310344827586,"[[635   4  72]
 [589  62 785]
 [ 26   9 718]]","{'neg': {'precision': 0.508, 'recall': 0.8931082981715893, 'f1-score': 0.6476287608363079, 'support': 711}, 'neu': {'precision': 0.8266666666666667, 'recall': 0.04317548746518106, 'f1-score': 0.08206485771012574, 'support': 1436}, 'pos': {'precision': 0.4558730158730159, 'recall': 0.953519256308101, 'f1-score': 0.6168384879725086, 'support': 753}, 'accuracy': 0.4879310344827586, 'macro avg': {'precision': 0.5968465608465608, 'recall': 0.6299343473149571, 'f1-score': 0.44884403550631413, 'support': 2900}, 'weighted avg': {'precision': 0.6522599014778325, 'recall': 0.4879310344827586, 'f1-score': 0.3595822641619498, 'support': 2900}}"
2021-10-10 15:22:40.920570,2021-10-10 15:30:49.335823,5m,"neg_count, neu_count, pos_count + end_price, trend",4,20,60921,52218,8703,0.5044237619211767,"[[2115    6  102]
 [1922   89 2207]
 [  72    4 2186]]","{'neg': {'precision': 0.5147237770747141, 'recall': 0.951417004048583, 'f1-score': 0.668035375868604, 'support': 2223}, 'neu': {'precision': 0.898989898989899, 'recall': 0.02110004741583689, 'f1-score': 0.04123233727125319, 'support': 4218}, 'pos': {'precision': 0.48631813125695217, 'recall': 0.9664014146772767, 'f1-score': 0.6470327068225544, 'support': 2262}, 'accuracy': 0.5044237619211767, 'macro avg': {'precision': 0.6333439357738552, 'recall': 0.6463061553805655, 'f1-score': 0.4521001399874705, 'support': 8703}, 'weighted avg': {'precision': 0.6935794511409525, 'recall': 0.5044237619211767, 'f1-score': 0.3587899140524728, 'support': 8703}}"
2021-10-10 15:30:49.398332,2021-10-10 15:30:49.429578,1d,"neg_count, neu_count, pos_count + end_price, trend",5,25,207,177,30,0.2333333333333333,"[[ 2  0  5]
 [ 1  1 10]
 [ 1  6  4]]","{'neg': {'precision': 0.5, 'recall': 0.2857142857142857, 'f1-score': 0.36363636363636365, 'support': 7}, 'neu': {'precision': 0.14285714285714285, 'recall': 0.08333333333333333, 'f1-score': 0.10526315789473685, 'support': 12}, 'pos': {'precision': 0.21052631578947367, 'recall': 0.36363636363636365, 'f1-score': 0.26666666666666666, 'support': 11}, 'accuracy': 0.23333333333333334, 'macro avg': {'precision': 0.28446115288220547, 'recall': 0.2442279942279942, 'f1-score': 0.2451887293992557, 'support': 30}, 'weighted avg': {'precision': 0.25100250626566417, 'recall': 0.23333333333333334, 'f1-score': 0.22473152578415737, 'support': 30}}"
2021-10-10 15:30:49.476463,2021-10-10 15:30:49.523326,12h,"neg_count, neu_count, pos_count + end_price, trend",5,25,419,359,60,0.3166666666666666,"[[ 6  2  7]
 [ 2  1 27]
 [ 1  2 12]]","{'neg': {'precision': 0.6666666666666666, 'recall': 0.4, 'f1-score': 0.5, 'support': 15}, 'neu': {'precision': 0.2, 'recall': 0.03333333333333333, 'f1-score': 0.05714285714285715, 'support': 30}, 'pos': {'precision': 0.2608695652173913, 'recall': 0.8, 'f1-score': 0.39344262295081966, 'support': 15}, 'accuracy': 0.31666666666666665, 'macro avg': {'precision': 0.37584541062801935, 'recall': 0.41111111111111115, 'f1-score': 0.31686182669789226, 'support': 60}, 'weighted avg': {'precision': 0.3318840579710145, 'recall': 0.31666666666666665, 'f1-score': 0.2519320843091335, 'support': 60}}"
2021-10-10 15:30:49.572127,2021-10-10 15:30:49.771445,4h,"neg_count, neu_count, pos_count + end_price, trend",5,25,1267,1086,181,0.3591160220994475,"[[26  3 10]
 [45 10 41]
 [12  5 29]]","{'neg': {'precision': 0.3132530120481928, 'recall': 0.6666666666666666, 'f1-score': 0.4262295081967213, 'support': 39}, 'neu': {'precision': 0.5555555555555556, 'recall': 0.10416666666666667, 'f1-score': 0.1754385964912281, 'support': 96}, 'pos': {'precision': 0.3625, 'recall': 0.6304347826086957, 'f1-score': 0.46031746031746035, 'support': 46}, 'accuracy': 0.35911602209944754, 'macro avg': {'precision': 0.4104361892012494, 'recall': 0.4670893719806763, 'f1-score': 0.3539951883351366, 'support': 181}, 'weighted avg': {'precision': 0.4542828773658169, 'recall': 0.35911602209944754, 'f1-score': 0.3018765704830564, 'support': 181}}"
2021-10-10 15:30:49.816442,2021-10-10 15:30:52.635094,1h,"neg_count, neu_count, pos_count + end_price, trend",5,25,5060,4337,723,0.4688796680497925,"[[120  14  27]
 [135  57 174]
 [ 15  19 162]]","{'neg': {'precision': 0.4444444444444444, 'recall': 0.7453416149068323, 'f1-score': 0.5568445475638051, 'support': 161}, 'neu': {'precision': 0.6333333333333333, 'recall': 0.1557377049180328, 'f1-score': 0.25, 'support': 366}, 'pos': {'precision': 0.4462809917355372, 'recall': 0.826530612244898, 'f1-score': 0.5796064400715564, 'support': 196}, 'accuracy': 0.46887966804979253, 'macro avg': {'precision': 0.5080195898377716, 'recall': 0.5758699773565876, 'f1-score': 0.46215032921178717, 'support': 723}, 'weighted avg': {'precision': 0.5405624203813566, 'recall': 0.46887966804979253, 'f1-score': 0.40768303514771465, 'support': 723}}"
2021-10-10 15:30:52.691100,2021-10-10 15:31:04.526382,30m,"neg_count, neu_count, pos_count + end_price, trend",5,25,10137,8688,1449,0.4692891649413389,"[[268  13  62]
 [323  84 328]
 [ 32  11 328]]","{'neg': {'precision': 0.4301765650080257, 'recall': 0.7813411078717201, 'f1-score': 0.5548654244306418, 'support': 343}, 'neu': {'precision': 0.7777777777777778, 'recall': 0.11428571428571428, 'f1-score': 0.199288256227758, 'support': 735}, 'pos': {'precision': 0.4568245125348189, 'recall': 0.8840970350404312, 'f1-score': 0.6023875114784205, 'support': 371}, 'accuracy': 0.4692891649413389, 'macro avg': {'precision': 0.5549262851068741, 'recall': 0.5932412857326219, 'f1-score': 0.45218039737894006, 'support': 1449}, 'weighted avg': {'precision': 0.6133189252000257, 'recall': 0.4692891649413389, 'f1-score': 0.38666768506943155, 'support': 1449}}"
2021-10-10 15:31:04.573263,2021-10-10 15:31:50.560862,15m,"neg_count, neu_count, pos_count + end_price, trend",5,25,20292,17393,2899,0.4877543980682994,"[[605   7  98]
 [543 109 784]
 [ 34  19 700]]","{'neg': {'precision': 0.511844331641286, 'recall': 0.852112676056338, 'f1-score': 0.6395348837209303, 'support': 710}, 'neu': {'precision': 0.8074074074074075, 'recall': 0.07590529247910864, 'f1-score': 0.13876511775938893, 'support': 1436}, 'pos': {'precision': 0.4424778761061947, 'recall': 0.9296148738379814, 'f1-score': 0.5995717344753748, 'support': 753}, 'accuracy': 0.4877543980682994, 'macro avg': {'precision': 0.5872432050516293, 'recall': 0.6192109474578094, 'f1-score': 0.459290578651898, 'support': 2899}, 'weighted avg': {'precision': 0.6402319259090427, 'recall': 0.4877543980682994, 'f1-score': 0.3811017566761988, 'support': 2899}}"
